﻿<?xml version="1.0" encoding="utf-8"?>
<qLessCards>
  <qLessCard id="1" serialNo="sq-1214334" datePurchase="2020-9-9" cardType="Regular" discountType="PWD" totalCreditAmt="205050" />
  <qLessCard id="2" serialNo="sn-67" datePurchase="2020-9-9" cardType="Regular" discountType="None" totalCreditAmt="500" />
  <qLessCard id="3" serialNo="sn-4444" datePurchase="2020-9-9" cardType="Regular" discountType="None" totalCreditAmt="60050" />
  <qLessCard id="4" serialNo="sn-666" datePurchase="2020-9-9" cardType="Discounted" discountType="PWD" totalCreditAmt="6000" />
  <qLessCard id="5" serialNo="sq-1214334" datePurchase="2020-9-9" cardType="Regular" discountType="PWD" totalCreditAmt="2000" />
  <qLessCard id="6" serialNo="sq-1214334" datePurchase="2020-9-9" cardType="Regular" discountType="PWD" totalCreditAmt="2000" />
  <qLessCard id="7" serialNo="sq-1214334" datePurchase="2020-9-9" cardType="Regular" discountType="PWD" totalCreditAmt="20" />
  <qLessCard id="8" serialNo="sn-7777" datePurchase="2020-9-9" cardType="Discounted" discountType="Senior" totalCreditAmt="78000" />
  <qLessCard id="9" serialNo="sn-123" datePurchase="2020-9-9" cardType="Regular" discountType="None" totalCreditAmt="453" />
  <qLessCard id="10" serialNo="sn-123" datePurchase="2020-9-9" cardType="Regular" discountType="None" totalCreditAmt="453" />
  <qLessCard id="11" serialNo="sn-123" datePurchase="2020-9-9" cardType="Regular" discountType="None" totalCreditAmt="453" />
  <qLessCard id="12" serialNo="sn-123" datePurchase="2020-9-9" cardType="Regular" discountType="None" totalCreditAmt="453" />
  <qLessCard id="13" serialNo="sn-123" datePurchase="2020-9-9" cardType="Regular" discountType="None" totalCreditAmt="453" />
  <qLessCard id="14" serialNo="sn-123" datePurchase="2020-9-9" cardType="Regular" discountType="None" totalCreditAmt="453" />
  <qLessCard id="15" serialNo="sn-123" datePurchase="2020-9-9" cardType="Regular" discountType="None" totalCreditAmt="453" />
  <qLessCard id="16" serialNo="sn-123" datePurchase="2020-9-9" cardType="Regular" discountType="None" totalCreditAmt="453" />
  <qLessCard id="17" serialNo="sn-123" datePurchase="2020-9-9" cardType="Regular" discountType="None" totalCreditAmt="453" />
  <qLessCard id="18" serialNo="sn-123" datePurchase="2020-9-9" cardType="Regular" discountType="None" totalCreditAmt="453" />
  <qLessCard id="19" serialNo="sn-123" datePurchase="2020-9-9" cardType="Regular" discountType="None" totalCreditAmt="453" />
  <qLessCard id="20" serialNo="sn-123" datePurchase="2020-9-9" cardType="Regular" discountType="None" totalCreditAmt="453" />
  <qLessCard id="21" serialNo="sn-123" datePurchase="2020-9-9" cardType="Regular" discountType="None" totalCreditAmt="453" />
  <qLessCard id="22" serialNo="sn-123" datePurchase="2020-9-9" cardType="Regular" discountType="None" totalCreditAmt="453" />
  <qLessCard id="23" serialNo="sn-234" datePurchase="2020-9-9" cardType="Regular" discountType="None" totalCreditAmt="567" />
  <qLessCard id="24" serialNo="sn-2222" datePurchase="2020-9-9" cardType="Discounted" discountType="Senior" totalCreditAmt="2222" />
  <qLessCard id="25" serialNo="sn-555" datePurchase="2020-9-9" cardType="Regular" discountType="None" totalCreditAmt="555" />
  <qLessCard id="26" serialNo="sn-1111" datePurchase="2020-9-9" cardType="Regular" discountType="None" totalCreditAmt="1111" />
  <qLessCard id="27" serialNo="sn-4444444" datePurchase="2020-9-9" cardType="Regular" discountType="None" totalCreditAmt="44444" />
  <qLessCard id="28" serialNo="sn-777" datePurchase="2020-09-07" cardType="Regular" discountType="None" totalCreditAmt="77778" />
  <qLessCard id="29" serialNo="sn-1234567" datePurchase="2020-09-06" cardType="Regular" discountType="None" totalCreditAmt="350" />
</qLessCards>