﻿<?xml version="1.0" encoding="utf-8"?>
<qLessCards>
  <qLessCard id="1" serialNo="sq-1214334" datePurchase="2020-09-22" cardType="Regular" discountType="None" totalCreditAmt="450" />
  <qLessCard id="2" serialNo="sn-67" datePurchase="2020-09-14" cardType="Regular" discountType="None" totalCreditAmt="5009" />
  <qLessCard id="3" serialNo="sn-4444" datePurchase="2020-9-9" cardType="Regular" discountType="None" totalCreditAmt="60050" />
  <qLessCard id="4" serialNo="sn-666" datePurchase="2020-09-14" cardType="Discounted" discountType="PWD" totalCreditAmt="600090" />
  <qLessCard id="6" serialNo="sq-1214334" datePurchase="2020-9-9" cardType="Regular" discountType="PWD" totalCreditAmt="2000" />
  <qLessCard id="7" serialNo="sq-1214334" datePurchase="2020-9-9" cardType="Regular" discountType="PWD" totalCreditAmt="20" />
  <qLessCard id="8" serialNo="sn-7777" datePurchase="2020-9-9" cardType="Discounted" discountType="Senior" totalCreditAmt="78000" />
  <qLessCard id="9" serialNo="sn-123" datePurchase="2020-9-9" cardType="Regular" discountType="None" totalCreditAmt="453" />
  <qLessCard id="10" serialNo="sn-123" datePurchase="2020-9-9" cardType="Regular" discountType="None" totalCreditAmt="453" />
  <qLessCard id="11" serialNo="sn-123" datePurchase="2020-9-9" cardType="Regular" discountType="None" totalCreditAmt="453" />
  <qLessCard id="12" serialNo="sn-123" datePurchase="2020-9-9" cardType="Regular" discountType="None" totalCreditAmt="453" />
  <qLessCard id="13" serialNo="sn-123" datePurchase="2020-9-9" cardType="Regular" discountType="None" totalCreditAmt="453" />
  <qLessCard id="14" serialNo="sn-123" datePurchase="2020-9-9" cardType="Regular" discountType="None" totalCreditAmt="453" />
  <qLessCard id="15" serialNo="sn-123" datePurchase="2020-9-9" cardType="Regular" discountType="None" totalCreditAmt="453" />
  <qLessCard id="16" serialNo="sn-123" datePurchase="2020-9-9" cardType="Regular" discountType="None" totalCreditAmt="453" />
  <qLessCard id="24" serialNo="sn-2222" datePurchase="2020-09-22" cardType="Discounted" discountType="Senior" totalCreditAmt="100" />
  <qLessCard id="25" serialNo="sku-9090" datePurchase="2020-09-22" cardType="Regular" discountType="None" totalCreditAmt="67" />
</qLessCards>